activation,test_k,c,duration_s
tanh,0.6,2581.138916015625,2.620506525039673
