Depth,Width,Final_Loss,c(k=0.1),c(k=0.15),c(k=0.2),c(k=0.25)
5,40,9.676039525174929e-09,2277.98974609375,2132.901123046875,2068.69384765625,2051.09423828125
