Depth,Width,Final_Loss,c(k=0.1),c(k=0.15),c(k=0.2),c(k=0.25)
5,40,9.63721333846479e-08,2278.939697265625,2133.303955078125,2068.80419921875,2051.1513671875
